waveTime,significant_wave_height (m)
1596816000,0.46
1596817800,0.44
1596819600,0.44
1596821400,0.44
1596823200,0.45
1596825000,0.44
1596826800,0.48
1596828600,0.5
1596830400,0.51
1596832200,0.62
1596834000,0.62
1596835800,0.53
1596837600,0.46
1596839400,0.42
1596841200,0.41
1596843000,0.4
1596844800,0.38
1596846600,0.42
1596848400,0.43
1596850200,0.47
1596852000,0.5
1596853800,0.51
1596855600,0.51
1596857400,0.47
1596859200,0.5
1596861000,0.47
1596862800,0.48
1596864600,0.44
1596866400,0.41
1596868200,0.43
1596870000,0.42
1596871800,0.41
1596873600,0.43
1596875400,0.41
1596877200,0.42
1596879000,0.4
1596880800,0.44
1596882600,0.44
1596884400,0.45
1596886200,0.47
1596888000,0.46
1596889800,0.45
1596891600,0.44
1596893400,0.41
1596895200,0.41
1596897000,0.41
1596898800,0.42
1596900600,0.39
1596902400,0.39
1596904200,0.37
1596906000,0.38
1596907800,0.37
1596909600,0.37
1596911400,0.38
1596913200,0.4
1596915000,0.39
1596916800,0.38
1596918600,0.38
1596922200,0.44
1596924000,0.43
1596925800,0.44
1596927600,0.48
1596929400,0.49
1596931200,0.54
1596933000,0.57
1596934800,0.62
1596936600,0.64
1596938400,0.67
1596940200,0.66
1596942000,0.62
1596943800,0.6
1596945600,0.6
1596947400,0.56
1596949200,0.54
1596951000,0.53
1596952800,0.5
1596954600,0.5
1596956400,0.52
1596958200,0.51
1596960000,0.5
1596961800,0.46
1596963600,0.47
1596965400,0.46
1596967200,0.46
1596969000,0.47
1596970800,0.45
1596972600,0.45
1596974400,0.46
1596976200,0.45
1596978000,0.43
1596979800,0.44
1596981600,0.44
1596983400,0.43
1596985200,0.41
1596987000,0.4
1596988800,0.44
1596990600,0.43
1596992400,0.41
1596994200,0.43
1596996000,0.37
1596997800,0.4
1596999600,0.39
1597001400,0.38
1597003200,0.43
1597005000,0.45
1597006800,0.46
1597008600,0.48
1597010400,0.56
1597012200,0.57
1597014000,0.61
1597015800,0.66
1597017600,0.65
1597019400,0.63
1597021200,0.68
1597023000,0.69
1597024800,0.75
1597026600,0.84
1597028400,0.85
1597030200,0.82
1597032000,0.72
1597033800,0.63
1597035600,0.6
1597037400,0.53
1597039200,0.48
1597041000,0.47
1597042800,0.39
1597044600,0.4
1597046400,0.38
1597048200,0.37
1597050000,0.36
1597051800,0.36
1597053600,0.34
1597055400,0.36
1597057200,0.37
1597059000,0.39
1597060800,0.38
1597062600,0.41
1597064400,0.38
1597066200,0.4
1597068000,0.43
1597069800,0.43
1597071600,0.41
1597073400,0.38
1597075200,0.38
1597077000,0.37
1597078800,0.33
1597080600,0.31
1597082400,0.32
1597084200,0.31
1597086000,0.32
1597087800,0.34
1597089600,0.34
1597091400,0.38
1597093200,0.4
1597095000,0.45
1597096800,0.48
1597098600,0.47
1597100400,0.5
1597102200,0.53
1597104000,0.57
1597105800,0.6
1597107600,0.77
1597109400,0.87
1597111200,0.61
1597113000,0.49
1597114800,0.38
1597116600,0.36
1597118400,0.38
1597120200,0.41
1597122000,0.42
1597123800,0.42
1597125600,0.46
1597127400,0.45
1597129200,0.45
1597131000,0.43
1597132800,0.46
1597134600,0.45
1597136400,0.46
1597138200,0.47
1597140000,0.48
1597141800,0.48
1597143600,0.47
1597145400,0.45
1597147200,0.46
1597149000,0.43
1597150800,0.42
1597152600,0.4
1597154400,0.42
1597156200,0.43
1597158000,0.42
1597159800,0.39
1597161600,0.38
1597163400,0.38
1597165200,0.37
1597167000,0.36
1597168800,0.33
1597170600,0.31
1597172400,0.29
1597174200,0.32
1597176000,0.32
1597177800,0.35
1597179600,0.4
1597181400,0.51
1597183200,0.57
1597185000,0.63
1597186800,0.68
1597188600,0.64
1597190400,0.58
1597192200,0.57
1597194000,0.57
1597195800,0.54
1597197600,0.54
1597199400,0.5
1597201200,0.44
1597203000,0.43
1597204800,0.41
1597206600,0.38
1597208400,0.38
1597210200,0.41
1597212000,0.42
1597213800,0.42
1597215600,0.42
1597217400,0.38
1597219200,0.36
1597221000,0.36
1597222800,0.38
1597224600,0.41
1597226400,0.43
1597228200,0.45
1597230000,0.45
1597231800,0.47
1597233600,0.48
1597235400,0.45
1597237200,0.42
1597239000,0.41
1597240800,0.4
1597242600,0.39
1597244400,0.37
1597246200,0.36
1597248000,0.34
1597249800,0.32
1597251600,0.32
1597253400,0.34
1597255200,0.36
1597257000,0.35
1597258800,0.33
1597260600,0.34
1597262400,0.39
1597264200,0.41
1597266000,0.47
1597267800,0.51
1597269600,0.55
1597271400,0.65
1597273200,0.7
1597275000,0.76
1597276800,0.79
1597278600,0.72
1597280400,0.71
1597282200,0.66
1597284000,0.65
1597285800,0.63
1597287600,0.6
1597289400,0.6
1597291200,0.58
1597293000,0.58
1597294800,0.58
1597296600,0.58
1597298400,0.58
1597300200,0.61
1597302000,0.59
1597303800,0.61
1597305600,0.58
1597307400,0.57
1597309200,0.56
1597311000,0.56
1597312800,0.52
1597314600,0.55
1597316400,0.51
1597318200,0.51
1597320000,0.5
1597321800,0.47
1597323600,0.46
1597325400,0.46
1597327200,0.46
1597329000,0.42
1597330800,0.4
1597332600,0.38
1597334400,0.39
1597336200,0.37
1597338000,0.38
1597339800,0.42
1597341600,0.45
1597343400,0.47
1597345200,0.54
1597347000,0.63
1597348800,0.68
1597350600,0.79
1597352400,0.83
1597354200,0.83
1597356000,0.8
1597357800,0.76
1597359600,0.73
1597361400,0.73
1597363200,0.65
1597365000,0.62
1597366800,0.63
1597368600,0.65
1597370400,0.62
1597372200,0.6
1597374000,0.65
1597375800,0.62
1597377600,0.6
1597379400,0.6
1597381200,0.61
1597383000,0.63
1597384800,0.61
1597386600,0.61
1597388400,0.61
1597390200,0.61
1597392000,0.63
1597393800,0.61
1597395600,0.6
1597397400,0.54
1597399200,0.54
1597401000,0.52
1597402800,0.51
1597404600,0.5
1597406400,0.49
1597408200,0.45
1597410000,0.43
1597411800,0.42
1597413600,0.43
1597415400,0.44
1597417200,0.46
1597419000,0.44
1597420800,0.48
1597422600,0.46
1597424400,0.47
1597426200,0.49
1597428000,0.49
1597429800,0.54
1597431600,0.54
1597435200,0.62
1597437000,0.76
1597438800,0.63
1597440600,0.55
1597442400,0.5
1597444200,0.49
1597446000,0.49
1597447800,0.46
1597449600,0.47
1597451400,0.52
1597453200,0.5
1597455000,0.52
1597456800,0.53
1597458600,0.57
1597460400,0.58
1597462200,0.62
1597464000,0.57
1597465800,0.59
1597467600,0.59
1597469400,0.62
1597471200,0.63
1597473000,0.64
1597474800,0.65
1597476600,0.66
1597478400,0.67
1597480200,0.7
1597482000,0.69
1597483800,0.68
1597485600,0.63
1597487400,0.63
1597489200,0.6
1597491000,0.55
1597492800,0.53
1597494600,0.51
1597496400,0.5
1597498200,0.5
1597500000,0.49
1597501800,0.5
1597503600,0.5
1597505400,0.51
1597507200,0.51
1597509000,0.53
1597510800,0.55
1597512600,0.55
1597514400,0.55
1597516200,0.52
1597518000,0.59
1597519800,0.64
1597521600,0.71
1597523400,0.71
1597525200,0.75
1597527000,0.71
1597528800,0.7
1597530600,0.7
1597532400,0.66
1597534200,0.64
1597536000,0.62
1597537800,0.63
1597539600,0.65
1597541400,0.65
1597543200,0.65
1597545000,0.7
1597546800,0.69
1597548600,0.7
1597550400,0.7
1597552200,0.69
1597554000,0.72
1597555800,0.68
1597557600,0.67
1597559400,0.71
1597561200,0.68
1597563000,0.71
1597564800,0.73
1597566600,0.74
1597568400,0.75
1597570200,0.78
1597572000,0.71
1597573800,0.69
1597575600,0.67
1597577400,0.67
1597579200,0.66
1597581000,0.61
1597582800,0.61
1597584600,0.59
1597586400,0.58
1597588200,0.56
1597590000,0.53
1597591800,0.49
1597593600,0.51
1597595400,0.49
1597597200,0.53
1597599000,0.5
1597600800,0.53
1597602600,0.53
1597604400,0.52
1597606200,0.6
1597608000,0.59
1597609800,0.55
1597611600,0.58
1597613400,0.55
1597615200,0.55
1597617000,0.63
1597618800,0.61
1597620600,0.58
1597622400,0.57
1597624200,0.58
1597626000,0.54
1597627800,0.55
1597629600,0.56
1597631400,0.54
1597633200,0.55
1597635000,0.55
1597636800,0.54
1597638600,0.55
1597640400,0.56
1597642200,0.55
1597644000,0.57
1597645800,0.58
1597647600,0.55
1597649400,0.55
1597651200,0.54
1597653000,0.51
1597654800,0.55
1597656600,0.49
1597658400,0.5
1597660200,0.52
1597662000,0.54
1597663800,0.47
1597665600,0.47
1597667400,0.46
1597669200,0.46
1597671000,0.43
1597672800,0.44
1597674600,0.53
1597676400,0.63
1597678200,0.67
1597680000,0.68
1597681800,0.68
1597683600,0.71
1597685400,0.72
1597687200,0.78
1597689000,0.8
1597690800,0.8
1597692600,0.76
1597694400,0.81
1597696200,0.73
1597698000,0.74
1597699800,0.74
1597701600,0.72
1597703400,0.7
1597705200,0.72
1597707000,0.68
1597708800,0.66
1597710600,0.68
1597712400,0.66
1597714200,0.64
1597716000,0.65
1597717800,0.66
1597719600,0.62
1597721400,0.62
1597723200,0.6
1597725000,0.62
1597726800,0.62
1597728600,0.65
1597730400,0.7
1597732200,0.65
1597734000,0.66
1597735800,0.62
1597737600,0.72
1597739400,0.64
1597741200,0.73
1597743000,0.66
1597744800,0.7
1597746600,0.72
1597748400,0.79
1597750200,0.75
1597752000,0.75
1597753800,0.77
1597755600,0.69
1597757400,0.75
1597759200,0.69
1597761000,0.77
1597762800,0.73
1597764600,0.69
1597766400,0.72
1597768200,0.72
1597770000,0.73
1597771800,0.8
1597773600,0.76
1597775400,0.88
1597777200,0.86
1597779000,0.87
1597780800,0.93
1597782600,0.94
1597784400,1.0
1597786200,1.01
1597788000,0.93
1597789800,0.98
1597791600,1.02
1597793400,1.07
1597795200,1.05
1597797000,1.06
1597798800,0.93
1597800600,0.95
1597802400,1.04
1597804200,0.94
1597806000,1.1
1597807800,0.95
1597809600,0.84
1597811400,0.94
1597813200,0.93
1597815000,0.87
1597816800,0.97
1597818600,0.99
1597820400,0.98
1597822200,1.0
1597824000,0.95
1597825800,0.92
1597827600,0.96
1597829400,0.89
1597831200,0.93
1597833000,0.92
1597834800,0.9
1597836600,0.89
1597838400,0.82
1597840200,0.86
1597842000,0.78
1597843800,0.78
1597845600,0.75
1597847400,0.73
1597849200,0.67
1597851000,0.67
1597854600,0.64
1597856400,0.61
1597858200,0.63
1597860000,0.68
1597861800,0.71
1597863600,0.77
1597865400,0.75
1597867200,0.89
1597869000,0.85
1597870800,0.85
1597872600,0.79
1597874400,0.73
1597876200,0.72
1597878000,0.68
1597879800,0.74
1597881600,0.72
1597883400,0.74
1597885200,0.72
1597887000,0.79
1597888800,0.75
1597890600,0.72
1597892400,0.72
1597894200,0.7
1597896000,0.64
1597897800,0.65
1597899600,0.68
1597901400,0.65
1597903200,0.66
1597905000,0.7
1597906800,0.66
1597908600,0.7
1597910400,0.7
1597912200,0.73
1597914000,0.71
1597915800,0.79
1597917600,0.81
1597919400,0.8
1597921200,0.79
1597923000,0.76
1597924800,0.79
1597926600,0.74
1597928400,0.79
1597930200,0.82
1597932000,0.79
1597933800,0.77
1597935600,0.77
1597937400,0.71
1597939200,0.69
1597941000,0.69
1597942800,0.64
1597944600,0.61
1597946400,0.64
1597948200,0.63
1597950000,0.64
1597951800,0.68
1597953600,0.67
1597955400,0.7
1597957200,0.75
1597959000,0.72
1597960800,0.73
1597962600,0.74
1597964400,0.77
1597966200,0.75
1597968000,0.84
1597969800,0.81
1597971600,0.82
1597973400,0.84
1597975200,0.87
1597977000,0.92
1597980600,0.92
1597982400,0.94
1597984200,0.95
1597986000,0.83
1597987800,0.8
1597989600,0.8
1597991400,0.75
1597993200,0.75
1597995000,0.77
1597996800,0.82
1597998600,0.85
1598000400,0.88
1598002200,0.93
1598004000,0.96
1598005800,0.88
1598007600,0.92
1598009400,0.92
1598011200,0.94
1598013000,0.96
1598014800,0.97
1598016600,1.03
1598018400,1.05
1598020200,1.08
1598022000,1.05
1598023800,1.0
1598025600,0.96
1598027400,0.92
1598029200,0.89
1598032800,0.78
1598034600,0.76
1598036400,0.76
1598038200,0.77
1598040000,0.72
1598041800,0.79
1598043600,0.78
1598045400,0.76
1598047200,0.79
1598049000,0.75
1598050800,0.78
1598052600,0.76
1598054400,0.76
1598056200,0.77
1598058000,0.73
1598059800,0.72
1598061600,0.7
1598063400,0.69
1598065200,0.68
1598067000,0.65
1598068800,0.68
1598070600,0.7
1598072400,0.72
1598074200,0.67
1598076000,0.69
1598077800,0.72
1598079600,0.68
1598081400,0.7
1598083200,0.66
1598085000,0.68
1598086800,0.7
1598088600,0.68
1598090400,0.72
1598092200,0.7
1598094000,0.7
1598095800,0.65
1598097600,0.66
1598099400,0.63
1598101200,0.6
1598103000,0.55
1598104800,0.61
1598106600,0.56
1598108400,0.61
1598110200,0.54
1598112000,0.55
1598113800,0.59
1598115600,0.61
1598117400,0.59
1598119200,0.62
1598121000,0.59
1598124600,0.55
1598126400,0.56
1598128200,0.53
1598130000,0.53
1598131800,0.58
1598133600,0.58
1598135400,0.62
1598137200,0.62
1598139000,0.61
1598140800,0.63
1598142600,0.67
1598144400,0.66
1598146200,0.66
1598148000,0.64
1598149800,0.71
1598151600,0.75
1598153400,0.77
1598155200,0.73
1598157000,0.72
1598158800,0.69
1598160600,0.74
1598162400,0.84
1598164200,0.85
1598166000,0.8
1598167800,0.83
1598169600,0.84
1598171400,0.79
1598173200,0.79
1598175000,0.79
1598176800,0.8
1598178600,0.85
1598180400,0.89
1598182200,0.91
1598184000,0.94
1598185800,1.01
1598187600,0.96
1598189400,0.97
1598191200,0.97
1598193000,1.0
1598194800,0.99
1598196600,1.02
1598198400,1.03
1598200200,1.06
1598203800,1.09
1598205600,1.1
1598207400,1.21
1598209200,1.22
1598211000,1.34
1598212800,1.31
1598214600,1.33
1598216400,1.31
1598218200,1.31
1598220000,1.33
1598221800,1.24
1598223600,1.17
1598225400,1.14
1598227200,1.14
1598229000,1.17
1598230800,1.16
1598232600,1.19
1598234400,1.18
1598236200,1.14
1598238000,1.2
1598239800,1.15
1598241600,1.19
1598243400,1.22
1598245200,1.23
1598247000,1.24
1598248800,1.19
1598250600,1.2
1598252400,1.18
1598254200,1.2
1598256000,1.28
1598257800,1.36
1598259600,1.42
1598261400,1.47
1598263200,1.49
1598265000,1.48
1598266800,1.44
1598268600,1.42
1598270400,1.53
1598272200,1.5
1598274000,1.44
1598275800,1.45
1598277600,1.54
1598279400,1.51
1598281200,1.49
1598283000,1.52
1598284800,1.66
1598286600,1.57
1598288400,1.5
1598290200,1.52
1598292000,1.49
1598293800,1.42
1598295600,1.43
1598297400,1.39
1598299200,1.31
1598301000,1.27
1598302800,1.29
1598304600,1.38
1598306400,1.32
1598308200,1.42
1598310000,1.39
1598311800,1.47
1598313600,1.52
1598315400,1.53
1598317200,1.59
1598319000,1.78
1598320800,1.72
1598322600,1.75
1598324400,1.68
1598326200,1.69
1598328000,1.71
1598329800,1.7
1598331600,1.7
1598333400,1.68
1598335200,1.71
1598338800,1.58
1598340600,1.59
1598342400,1.52
1598344200,1.46
1598346000,1.41
1598347800,1.42
1598349600,1.48
1598351400,1.39
1598353200,1.47
1598355000,1.4
1598356800,1.44
1598358600,1.47
1598360400,1.42
1598362200,1.47
1598364000,1.46
1598365800,1.41
1598367600,1.4
1598369400,1.41
1598371200,1.49
1598373000,1.41
1598374800,1.42
1598376600,1.32
1598378400,1.37
1598380200,1.24
1598382000,1.24
1598383800,1.19
1598385600,1.19
1598387400,1.09
1598389200,1.11
1598391000,1.02
1598392800,0.97
1598394600,0.99
1598396400,0.94
1598398200,0.96
1598400000,0.93
1598401800,0.92
1598403600,0.87
1598405400,0.94
1598407200,0.96
1598409000,0.97
1598410800,0.97
1598412600,1.02
1598414400,0.99
1598416200,1.02
1598418000,0.98
1598419800,0.97
1598421600,0.93
1598423400,0.95
1598425200,0.91
1598427000,0.86
1598428800,0.86
1598430600,0.85
1598432400,0.85
1598434200,0.83
1598437800,0.82
1598439600,0.75
1598441400,0.78
1598443200,0.81
1598445000,0.79
1598446800,0.77
1598448600,0.83
1598450400,0.81
1598452200,0.77
1598454000,0.75
1598455800,0.76
1598457600,0.81
1598459400,0.8
1598461200,0.79
1598463000,0.77
1598464800,0.78
1598466600,0.75
1598468400,0.7
1598470200,0.72
1598472000,0.69
1598473800,0.66
1598475600,0.68
1598477400,0.66
1598479200,0.63
1598481000,0.65
1598482800,0.62
1598484600,0.63
1598486400,0.59
1598488200,0.6
1598490000,0.6
1598491800,0.63
1598493600,0.65
1598495400,0.62
1598497200,0.64
1598499000,0.68
1598500800,0.68
1598502600,0.73
1598504400,0.72
1598506200,0.74
1598508000,0.78
1598509800,0.79
1598511600,0.74
1598513400,0.77
1598515200,0.76
1598517000,0.76
1598520600,0.72
1598522400,0.71
1598524200,0.71
1598526000,0.7
1598527800,0.7
1598529600,0.68
1598531400,0.64
1598533200,0.66
1598535000,0.63
1598536800,0.66
1598538600,0.64
1598540400,0.67
1598542200,0.69
1598544000,0.71
1598545800,0.73
1598547600,0.68
1598549400,0.71
1598551200,0.74
1598553000,0.68
1598554800,0.71
1598556600,0.73
1598558400,0.72
1598560200,0.72
1598562000,0.71
1598563800,0.72
1598565600,0.74
1598567400,0.73
1598569200,0.76
1598571000,0.76
1598572800,0.79
1598574600,0.79
1598576400,0.78
1598578200,0.77
1598580000,0.76
1598581800,0.79
1598583600,0.77
1598585400,0.81
1598587200,0.83
1598589000,0.84
1598590800,0.82
1598592600,0.84
1598594400,0.85
1598596200,0.85
1598598000,0.83
1598599800,0.82
1598601600,0.84
1598603400,0.82
1598605200,0.8
1598607000,0.75
1598608800,0.75
1598610600,0.69
1598612400,0.68
1598614200,0.68
1598616000,0.65
1598617800,0.67
1598619600,0.68
1598621400,0.64
1598623200,0.66
1598625000,0.6
1598626800,0.63
1598628600,0.59
1598630400,0.6
1598632200,0.59
1598634000,0.6
1598635800,0.61
1598637600,0.61
1598639400,0.59
1598641200,0.63
1598643000,0.63
1598644800,0.6
1598646600,0.61
1598648400,0.63
1598650200,0.64
1598652000,0.62
1598653800,0.64
1598655600,0.72
1598657400,0.66
1598659200,0.61
1598661000,0.58
1598662800,0.57
1598664600,0.57
1598666400,0.56
1598668200,0.55
1598670000,0.58
1598671800,0.61
1598673600,0.62
1598675400,0.65
1598677200,0.62
1598679000,0.65
1598680800,0.71
1598682600,0.69
1598684400,0.68
1598686200,0.69
1598688000,0.67
1598689800,0.67
1598691600,0.66
1598693400,0.65
1598695200,0.65
1598697000,0.63
1598698800,0.67
1598700600,0.67
1598702400,0.66
1598704200,0.63
1598706000,0.65
1598707800,0.63
1598709600,0.6
1598711400,0.58
1598713200,0.58
1598715000,0.59
1598716800,0.66
1598718600,0.65
1598720400,0.66
1598722200,0.7
1598724000,0.74
1598725800,0.71
1598727600,0.73
1598729400,0.74
1598731200,0.81
1598733000,0.85
1598734800,0.81
1598736600,0.74
1598738400,0.74
1598740200,0.7
1598742000,0.69
1598743800,0.65
1598745600,0.62
1598747400,0.63
1598749200,0.7
1598751000,0.72
1598752800,0.66
1598754600,0.66
1598756400,0.67
1598758200,0.7
1598760000,0.71
1598761800,0.72
1598763600,0.69
1598765400,0.68
1598767200,0.72
1598769000,0.7
1598770800,0.69
1598772600,0.69
1598774400,0.7
1598776200,0.76
1598778000,0.72
1598779800,0.72
1598781600,0.72
1598783400,0.69
1598785200,0.68
1598787000,0.64
1598788800,0.66
1598790600,0.63
1598792400,0.6
1598794200,0.57
1598796000,0.53
1598797800,0.56
1598799600,0.57
1598801400,0.55
1598803200,0.54
1598805000,0.51
1598806800,0.51
1598808600,0.5
1598810400,0.49
1598812200,0.47
1598814000,0.43
1598815800,0.44
1598817600,0.43
1598819400,0.46
1598821200,0.43
1598823000,0.46
1598824800,0.47
1598826600,0.44
1598828400,0.46
1598830200,0.54
1598832000,0.54
1598833800,0.53
1598835600,0.47
1598837400,0.46
1598839200,0.47
1598841000,0.5
1598842800,0.52
1598844600,0.53
1598846400,0.55
1598848200,0.55
1598850000,0.57
1598851800,0.55
1598853600,0.55
1598855400,0.56
1598857200,0.56
1598859000,0.57
1598860800,0.51
1598862600,0.5
1598864400,0.48
1598866200,0.48
1598868000,0.49
1598869800,0.48
1598871600,0.47
1598873400,0.44
1598875200,0.45
1598877000,0.42
1598878800,0.41
1598882400,0.39
1598884200,0.34
1598886000,0.37
1598887800,0.35
1598889600,0.3
1598891400,0.35
1598893200,0.35
1598895000,0.37
1598896800,0.41
1598898600,0.42
1598900400,0.46
1598902200,0.55
1598904000,0.62
1598905800,0.67
1598907600,0.7
1598913000,0.61
1598914800,0.59
1598916600,0.59
1598918400,0.57
1598920200,0.56
1598922000,0.58
1598923800,0.6
1598925600,0.61
1598927400,0.62
1598929200,0.62
1598931000,0.59
1598932800,0.55
1598934600,0.56
1598936400,0.54
1598938200,0.57
1598940000,0.59
1598941800,0.61
1598943600,0.58
1598945400,0.63
1598947200,0.58
1598949000,0.59
1598950800,0.57
1598952600,0.62
1598954400,0.58
1598956200,0.62
1598958000,0.6
1598959800,0.61
1598961600,0.62
1598963400,0.6
1598965200,0.61
1598967000,0.61
1598968800,0.6
1598970600,0.57
1598972400,0.53
1598974200,0.5
1598976000,0.52
1598977800,0.53
1598979600,0.48
1598981400,0.52
1598983200,0.57
1598985000,0.54
1598986800,0.54
1598988600,0.55
1598990400,0.56
1598992200,0.55
1598994000,0.53
1598995800,0.6
1598997600,0.6
1598999400,0.63
1599001200,0.62
1599003000,0.62
1599004800,0.6
1599006600,0.57
1599008400,0.58
1599010200,0.59
1599012000,0.56
1599013800,0.54
1599015600,0.53
1599017400,0.51
1599019200,0.5
1599021000,0.5
1599022800,0.52
1599024600,0.53
1599026400,0.52
1599028200,0.51
1599030000,0.51
1599031800,0.5
1599033600,0.56
1599035400,0.57
1599037200,0.55
1599039000,0.55
1599040800,0.55
1599042600,0.51
1599044400,0.54
1599046200,0.52
1599048000,0.55
1599049800,0.55
1599051600,0.54
1599053400,0.53
1599055200,0.52
1599057000,0.51
1599058800,0.49
1599060600,0.46
1599062400,0.4
1599064200,0.42
1599066000,0.43
1599067800,0.43
1599069600,0.41
1599071400,0.42
1599073200,0.43
1599075000,0.43
1599076800,0.42
1599078600,0.44
1599080400,0.47
1599082200,0.49
1599084000,0.51
1599085800,0.53
1599087600,0.55
1599089400,0.53
1599091200,0.53
1599093000,0.53
1599094800,0.56
1599096600,0.59
1599098400,0.64
1599100200,0.71
1599102000,0.7
1599103800,0.71
1599105600,0.75
1599107400,0.77
1599109200,0.78
1599111000,0.78
1599112800,0.75
1599114600,0.71
1599116400,0.71
1599118200,0.72
1599120000,0.7
1599121800,0.69
1599123600,0.66
1599125400,0.66
1599127200,0.61
1599129000,0.66
1599130800,0.59
1599132600,0.6
1599134400,0.58
1599136200,0.55
1599138000,0.58
1599139800,0.59
1599141600,0.53
1599143400,0.54
1599145200,0.56
1599147000,0.49
1599148800,0.52
1599150600,0.52
1599152400,0.53
1599154200,0.5
1599156000,0.48
1599157800,0.54
1599159600,0.55
1599161400,0.52
1599163200,0.59
1599165000,0.55
1599166800,0.56
1599168600,0.62
1599170400,0.63
1599172200,0.6
1599174000,0.6
1599175800,0.62
1599177600,0.64
1599179400,0.62
1599181200,0.68
1599183000,0.69
1599184800,0.74
1599186600,0.75
1599188400,0.78
1599190200,0.8
1599192000,0.85
1599193800,0.76
1599195600,0.75
1599197400,0.75
1599199200,0.7
1599201000,0.65
1599202800,0.67
1599204600,0.7
1599206400,0.69
1599208200,0.72
1599210000,0.69
1599211800,0.7
1599213600,0.68
1599215400,0.71
1599217200,0.68
1599219000,0.72
1599220800,0.65
1599222600,0.66
1599224400,0.69
1599226200,0.69
1599228000,0.69
1599229800,0.72
1599231600,0.72
1599233400,0.7
1599235200,0.66
1599237000,0.67
1599238800,0.63
1599240600,0.63
1599242400,0.64
1599244200,0.64
1599246000,0.6
1599247800,0.55
1599249600,0.58
1599251400,0.62
1599253200,0.62
1599255000,0.65
1599256800,0.65
1599258600,0.63
1599260400,0.67
1599262200,0.61
1599264000,0.69
1599265800,0.63
1599267600,0.64
1599269400,0.63
1599271200,0.61
1599273000,0.58
1599274800,0.6
1599276600,0.56
1599278400,0.58
1599280200,0.57
1599282000,0.6
1599283800,0.57
1599285600,0.56
1599287400,0.55
1599289200,0.53
1599291000,0.56
1599292800,0.55
1599294600,0.58
1599296400,0.57
1599298200,0.55
1599300000,0.57
1599301800,0.6
1599303600,0.53
1599305400,0.55
1599307200,0.56
1599309000,0.61
1599310800,0.59
1599312600,0.61
1599314400,0.61
1599316200,0.55
1599318000,0.57
1599319800,0.54
1599321600,0.55
1599323400,0.52
1599325200,0.51
1599327000,0.49
1599328800,0.47
1599330600,0.46
1599332400,0.48
1599334200,0.49
1599336000,0.49
1599337800,0.45
1599339600,0.52
1599341400,0.49
1599343200,0.5
1599345000,0.53
1599346800,0.48
1599348600,0.54
1599350400,0.55
1599352200,0.55
1599354000,0.59
1599355800,0.58
1599357600,0.58
1599359400,0.54
1599361200,0.57
1599363000,0.53
1599364800,0.51
1599366600,0.5
1599368400,0.52
1599370200,0.53
1599372000,0.48
1599373800,0.51
1599375600,0.48
1599377400,0.43
1599379200,0.51
1599381000,0.58
1599382800,0.63
1599384600,0.68
1599386400,0.7
1599388200,0.73
1599390000,0.72
1599391800,0.84
1599393600,0.93
1599395400,1.0
1599397200,1.09
1599399000,1.19
1599400800,1.2
1599402600,1.24
1599404400,1.2
1599406200,1.22
1599408000,1.24
1599409800,1.13
1599411600,1.15
1599413400,1.2
1599415200,1.17
1599417000,1.1
1599418800,1.14
1599420600,1.01
1599422400,1.04
1599424200,0.98
1599426000,0.99
1599427800,0.96
1599429600,0.99
1599431400,1.04
1599433200,1.09
1599435000,1.14
1599436800,1.19
1599438600,1.22
1599440400,1.16
1599442200,1.11
1599444000,1.11
1599445800,1.09
1599447600,1.04
1599449400,0.99
1599451200,0.92
1599453000,0.99
1599454800,0.96
1599456600,0.96
1599458400,0.94
1599460200,0.94
1599462000,0.93
1599463800,1.06
1599465600,1.03
1599467400,1.03
1599469200,0.99
1599471000,0.98
1599472800,0.94
1599474600,0.96
1599476400,0.95
1599478200,1.02
1599480000,1.0
1599481800,0.96
1599483600,1.0
1599485400,0.97
1599487200,0.97
1599489000,0.99
1599490800,0.91
1599492600,0.91
1599494400,0.9
1599496200,0.94
1599498000,0.9
1599499800,0.87
1599501600,0.86
1599503400,0.86
1599505200,0.9
1599507000,0.83
1599508800,0.87
1599510600,0.87
1599512400,0.87
1599514200,0.95
1599516000,1.08
1599517800,1.21
1599519600,1.25
1599521400,1.27
1599523200,1.24
1599525000,1.22
1599526800,1.25
1599528600,1.28
1599530400,1.18
1599532200,1.14
1599534000,1.13
1599535800,1.05
1599537600,1.09
1599539400,1.02
1599541200,1.06
1599543000,1.05
1599544800,1.11
1599546600,1.19
1599548400,1.12
1599550200,1.08
1599552000,1.09
1599553800,1.07
1599555600,1.13
1599557400,1.16
1599559200,1.24
1599561000,1.27
1599562800,1.2
1599564600,1.23
1599566400,1.23
1599568200,1.3
1599570000,1.23
1599571800,1.18
1599573600,1.16
1599575400,1.21
1599577200,1.24
1599579000,1.25
1599580800,1.3
1599582600,1.2
1599584400,1.19
1599586200,1.11
1599588000,1.15
1599589800,1.11
1599591600,1.12
1599593400,1.15
1599595200,1.28
1599597000,1.39
1599598800,1.46
1599600600,1.4
1599602400,1.58
1599604200,1.52
1599606000,1.44
1599607800,1.58
1599609600,1.56
1599611400,1.63
1599613200,1.54
1599615000,1.51
1599616800,1.58
1599618600,1.44
1599620400,1.52
1599622200,1.38
1599624000,1.28
1599625800,1.36
1599627600,1.28
1599629400,1.24
1599631200,1.14
1599633000,1.15
1599634800,1.01
1599636600,1.03
1599638400,1.03
1599640200,0.93
1599642000,0.97
1599643800,0.95
1599645600,0.91
1599647400,0.94
1599649200,0.9
1599651000,0.87
1599652800,0.82
1599654600,0.82
1599656400,0.84
1599658200,0.8
1599660000,0.78
1599661800,0.79
1599663600,0.77
1599665400,0.76
1599667200,0.76
1599669000,0.74
1599670800,0.73
1599672600,0.72
1599674400,0.75
1599676200,0.73
1599678000,0.71
1599679800,0.71
1599681600,0.72
1599683400,0.68
1599685200,0.72
1599687000,0.7
1599688800,0.76
1599690600,0.74
1599692400,0.77
1599694200,0.74
1599696000,0.74
1599697800,0.72
1599699600,0.72
1599701400,0.74
1599703200,0.72
1599705000,0.74
1599706800,0.75
1599708600,0.74
1599710400,0.77
1599712200,0.79
1599714000,0.79
1599715800,0.85
1599717600,0.81
1599719400,0.78
1599721200,0.74
1599723000,0.71
1599724800,0.73
1599726600,0.75
1599728400,0.8
1599730200,0.73
1599732000,0.76
1599733800,0.7
1599735600,0.68
1599737400,0.69
1599739200,0.69
1599741000,0.73
1599742800,0.73
1599744600,0.73
1599746400,0.74
1599748200,0.72
1599750000,0.71
1599751800,0.74
1599753600,0.74
1599755400,0.74
1599757200,0.71
1599759000,0.71
1599760800,0.7
1599762600,0.71
1599764400,0.68
1599766200,0.73
1599768000,0.68
1599769800,0.73
1599771600,0.72
1599773400,0.74
1599775200,0.8
1599777000,0.84
1599778800,0.85
1599780600,0.89
1599782400,0.88
1599784200,0.86
1599786000,0.87
1599787800,0.93
1599789600,0.96
1599791400,0.92
1599793200,0.98
1599795000,1.04
1599796800,1.03
1599798600,0.96
1599800400,0.97
1599802200,0.92
1599804000,0.93
1599805800,0.9
1599807600,0.91
1599809400,0.92
1599811200,0.92
1599813000,0.92
1599814800,0.91
1599816600,0.91
1599818400,0.89
1599820200,0.89
1599822000,0.89
1599823800,0.92
1599825600,0.92
1599827400,0.95
1599829200,0.94
1599831000,0.96
1599832800,0.95
1599834600,0.98
1599836400,0.99
1599838200,1.0
1599840000,0.98
1599841800,0.97
1599843600,0.97
1599845400,0.96
1599847200,1.0
1599849000,0.96
1599850800,0.99
1599852600,0.98
1599854400,0.95
1599856200,0.98
1599858000,0.98
1599859800,0.99
1599861600,0.95
1599863400,0.97
1599865200,0.97
1599867000,0.94
1599868800,1.02
1599870600,1.04
1599872400,1.11
1599874200,1.14
1599876000,1.19
1599877800,1.21
1599879600,1.29
1599881400,1.35
1599883200,1.35
1599885000,1.34
1599886800,1.41
1599888600,1.37
1599890400,1.4
1599892200,1.45
1599894000,1.48
1599895800,1.47
1599897600,1.42
1599899400,1.5
1599901200,1.46
1599903000,1.49
1599904800,1.47
1599906600,1.44
1599908400,1.35
1599910200,1.5
1599912000,1.47
1599913800,1.41
1599915600,1.51
1599917400,1.45
1599919200,1.57
1599921000,1.48
1599922800,1.56
1599924600,1.65
1599926400,1.61
1599928200,1.69
1599930000,1.64
1599931800,1.69
1599933600,1.66
1599935400,1.78
1599937200,1.68
1599939000,1.62
1599940800,1.63
1599942600,1.7
1599944400,1.67
1599946200,1.81
1599948000,1.6
1599949800,1.62
1599951600,1.58
1599953400,1.55
1599955200,1.62
1599957000,1.59
1599958800,1.79
1599960600,1.7
1599962400,1.73
1599964200,1.75
1599966000,1.68
1599967800,1.78
1599969600,1.74
1599971400,1.73
1599973200,1.77
1599975000,1.73
1599976800,1.74
1599978600,1.77
1599980400,1.72
1599982200,1.75
1599984000,1.72
1599985800,1.65
1599987600,1.8
1599989400,1.72
1599991200,1.72
1599993000,1.73
1599994800,1.7
1599996600,1.63
1599998400,1.58
1600000200,1.52
1600002000,1.54
1600003800,1.52
1600005600,1.54
1600007400,1.63
1600009200,1.71
1600011000,1.72
1600012800,1.71
1600014600,1.75
1600016400,1.85
1600018200,1.82
1600020000,1.79
1600021800,1.82
1600023600,1.89
1600025400,1.85
1600027200,1.79
1600029000,1.78
1600030800,1.74
1600032600,1.6
1600034400,1.7
1600036200,1.6
1600039800,1.49
1600041600,1.48
1600043400,1.47
1600045200,1.48
1600047000,1.45
1600048800,1.47
1600050600,1.49
1600052400,1.47
1600054200,1.48
1600056000,1.49
1600057800,1.57
1600059600,1.52
1600061400,1.47
1600063200,1.52
1600065000,1.49
1600066800,1.45
1600068600,1.49
1600070400,1.47
1600072200,1.49
1600074000,1.5
1600075800,1.43
1600077600,1.43
1600079400,1.36
1600081200,1.32
1600083000,1.28
1600084800,1.26
1600086600,1.22
1600088400,1.23
1600090200,1.25
1600092000,1.22
1600093800,1.21
1600095600,1.23
1600097400,1.31
1600099200,1.26
1600101000,1.23
1600102800,1.23
1600104600,1.23
1600106400,1.31
1600108200,1.25
1600110000,1.33
1600111800,1.28
1600113600,1.23
1600115400,1.22
1600117200,1.19
1600119000,1.28
1600120800,1.19
1600122600,1.28
1600124400,1.23
1600126200,1.17
1600128000,1.1
1600129800,1.15
1600131600,1.13
1600133400,1.16
1600135200,1.08
1600137000,1.13
1600138800,1.08
1600140600,1.14
1600142400,1.14
1600144200,1.12
1600146000,1.21
1600147800,1.2
1600149600,1.23
1600151400,1.12
1600153200,1.18
1600155000,1.27
1600156800,1.28
1600158600,1.25
1600160400,1.31
1600162200,1.2
1600164000,1.25
1600165800,1.25
1600167600,1.29
1600169400,1.17
1600171200,1.26
1600173000,1.23
1600174800,1.21
1600176600,1.12
1600178400,1.11
1600180200,1.15
1600182000,1.17
1600183800,1.21
1600185600,1.25
1600187400,1.28
1600189200,1.39
1600191000,1.41
1600192800,1.47
1600194600,1.56
1600196400,1.5
1600198200,1.65
1600200000,1.66
1600201800,1.75
1600203600,1.84
1600205400,2.08
1600207200,2.04
1600209000,2.17
1600210800,2.35
1600212600,2.43
1600214400,2.31
1600216200,2.22
1600218000,1.94
1600219800,1.92
1600221600,1.88
1600223400,1.97
1600225200,1.79
1600227000,1.92
1600228800,1.77
1600230600,1.69
1600232400,1.7
1600234200,1.68
1600236000,1.67
1600237800,1.61
1600239600,1.47
1600241400,1.53
1600243200,1.46
1600245000,1.46
1600248600,1.36
1600250400,1.39
1600252200,1.3
1600254000,1.33
1600255800,1.32
1600257600,1.27
1600259400,1.2
1600261200,1.21
1600263000,1.18
1600264800,1.15
1600266600,1.05
1600268400,1.01
1600270200,1.05
1600272000,1.07
1600273800,1.09
1600275600,1.1
1600277400,1.06
1600279200,1.05
1600281000,1.09
1600282800,1.07
1600284600,1.18
1600286400,1.05
1600288200,1.22
1600290000,1.19
1600291800,1.21
1600293600,1.25
1600295400,1.21
1600297200,1.24
1600299000,1.31
1600300800,1.3
1600302600,1.28
1600304400,1.35
1600306200,1.36
1600308000,1.33
1600309800,1.43
1600311600,1.41
1600313400,1.47
1600315200,1.45
1600317000,1.63
1600318800,1.75
1600320600,1.66
1600322400,1.58
1600324200,1.72
1600326000,1.75
1600327800,1.81
1600329600,1.91
1600331400,1.8
1600333200,1.78
1600335000,1.77
1600336800,1.68
1600338600,1.7
1600340400,1.74
1600342200,1.81
1600344000,1.76
1600345800,1.81
1600347600,1.82
1600349400,1.76
1600351200,1.78
1600353000,1.77
1600354800,1.72
1600356600,1.76
1600358400,1.73
1600360200,1.74
1600362000,1.74
1600363800,1.77
1600365600,1.71
1600367400,1.69
1600369200,1.66
1600371000,1.62
1600372800,1.56
1600374600,1.53
1600376400,1.55
1600378200,1.49
1600380000,1.52
1600381800,1.51
1600383600,1.5
1600385400,1.48
1600387200,1.49
1600389000,1.33
1600390800,1.32
1600392600,1.22
1600394400,1.26
1600396200,1.24
1600398000,1.2
1600399800,1.14
1600401600,1.15
1600403400,1.07
1600405200,1.05
1600407000,1.07
1600408800,1.06
1600410600,1.04
1600412400,1.03
1600414200,1.02
1600416000,0.99
1600417800,1.0
1600419600,0.98
1600421400,0.95
1600423200,0.93
1600425000,0.93
1600426800,0.91
1600428600,0.93
1600430400,0.88
1600432200,0.85
1600434000,0.86
1600435800,0.82
1600437600,0.82
1600439400,0.79
1600441200,0.8
1600443000,0.73
1600444800,0.72
1600446600,0.74
1600448400,0.75
1600450200,0.71
1600452000,0.68
1600453800,0.7
1600455600,0.71
1600457400,0.73
1600459200,0.74
1600461000,0.76
1600462800,0.68
1600464600,0.73
1600466400,0.69
1600468200,0.69
1600470000,0.71
1600471800,0.69
1600473600,0.78
1600475400,0.83
1600477200,0.83
1600479000,0.91
1600480800,1.04
1600482600,1.0
1600484400,1.19
1600486200,1.28
1600488000,1.34
1600489800,1.39
1600491600,1.51
1600493400,1.61
1600495200,1.56
1600497000,1.61
1600498800,1.71
1600500600,1.82
1600502400,1.83
1600504200,1.81
1600506000,1.74
1600507800,1.75
1600509600,1.89
1600511400,2.11
1600513200,2.3
1600515000,2.2
1600516800,2.18
1600518600,2.2
1600520400,2.23
1600522200,2.24
1600524000,2.28
1600525800,2.22
1600527600,2.47
1600529400,2.39
1600531200,2.31
1600533000,2.42
1600534800,2.42
1600536600,2.48
1600538400,2.47
1600540200,2.52
1600542000,2.55
1600543800,2.58
1600545600,2.65
1600547400,2.58
1600549200,2.69
1600551000,2.69
1600552800,2.74
1600554600,2.76
1600556400,2.85
1600558200,2.75
1600560000,2.73
1600561800,2.86
1600563600,2.85
1600565400,2.78
1600567200,3.03
1600569000,2.96
1600570800,2.9
1600572600,2.89
1600574400,2.7
1600576200,2.68
1600578000,2.52
1600579800,2.56
1600581600,2.63
1600583400,2.47
1600585200,2.67
1600587000,2.51
1600588800,2.56
1600590600,2.71
1600592400,2.57
1600594200,2.7
1600596000,2.73
1600597800,2.82
1600599600,2.79
1600601400,2.71
1600603200,2.77
1600605000,2.85
1600606800,2.83
1600608600,2.9
1600610400,3.0
1600612200,2.86
1600614000,2.9
1600615800,2.75
1600617600,2.9
1600619400,2.55
1600621200,2.68
1600623000,2.69
1600624800,2.6
1600626600,2.58
1600628400,2.6
1600630200,2.57
1600632000,2.61
1600633800,2.68
1600635600,2.61
1600637400,2.62
1600639200,2.91
1600641000,2.73
1600642800,2.83
1600644600,2.95
1600646400,2.96
1600648200,3.06
1600650000,3.15
1600651800,3.27
1600653600,3.16
1600655400,3.06
1600657200,3.3
1600659000,3.25
1600660800,3.06
1600662600,3.26
1600664400,2.91
1600666200,2.9
1600668000,2.75
1600669800,2.74
1600671600,2.82
1600673400,2.71
1600675200,2.8
1600677000,2.57
1600678800,2.73
1600680600,2.68
1600682400,2.55
1600684200,2.67
1600686000,2.63
1600687800,2.51
1600689600,2.67
1600691400,2.78
1600693200,2.85
1600695000,2.8
1600696800,2.8
1600698600,2.91
1600700400,3.0
1600702200,3.02
1600704000,3.0
1600705800,3.07
1600707600,2.98
1600709400,2.98
1600711200,2.81
1600713000,2.86
1600714800,2.74
1600716600,2.62
1600718400,2.7
1600720200,2.73
1600722000,2.66
1600723800,2.62
1600725600,2.71
1600727400,2.8
1600729200,2.57
1600731000,2.67
1600732800,2.7
1600734600,2.67
1600736400,2.74
1600738200,2.92
1600740000,3.12
1600741800,3.01
1600743600,2.85
1600745400,2.94
1600747200,3.18
1600749000,2.85
1600750800,2.8
1600752600,2.74
1600754400,2.68
1600756200,2.69
1600758000,2.62
1600759800,2.41
1600761600,2.51
1600763400,2.49
1600765200,2.57
1600767000,2.55
1600768800,2.51
1600770600,2.46
1600772400,2.37
1600774200,2.26
1600776000,2.34
1600777800,2.4
1600779600,2.4
1600781400,2.19
1600783200,2.34
1600785000,2.33
1600786800,2.23
1600788600,2.32
1600790400,2.12
1600792200,2.01
1600794000,1.97
1600795800,1.83
1600797600,1.84
1600799400,1.7
1600801200,1.59
1600803000,1.54
1600804800,1.57
1600806600,1.48
1600808400,1.55
1600810200,1.52
1600812000,1.51
1600813800,1.43
1600815600,1.48
1600817400,1.45
1600819200,1.49
1600821000,1.48
1600822800,1.46
1600824600,1.45
1600826400,1.41
1600828200,1.42
1600830000,1.49
1600831800,1.39
1600833600,1.41
1600835400,1.41
1600837200,1.41
1600839000,1.33
1600840800,1.22
1600842600,1.25
1600844400,1.26
1600846200,1.2
1600848000,1.19
1600849800,1.16
1600851600,1.1
1600853400,1.12
1600855200,1.1
1600857000,1.04
1600858800,1.08
1600860600,1.04
1600862400,1.02
1600864200,0.98
1600866000,1.06
1600867800,1.12
1600869600,1.1
1600871400,1.15
1600873200,1.15
1600875000,1.14
1600876800,1.17
1600878600,1.12
1600880400,1.16
1600882200,1.04
1600884000,1.09
1600885800,1.09
1600887600,1.06
1600889400,1.04
1600891200,1.03
1600893000,0.95
1600894800,0.94
1600896600,0.91
1600898400,0.88
1600900200,0.91
1600902000,0.9
1600903800,0.87
1600905600,0.88
1600907400,0.9
1600909200,0.84
1600911000,0.94
1600912800,0.88
1600914600,0.9
1600916400,0.92
1600918200,0.91
1600920000,0.96
1600921800,0.92
1600923600,0.96
1600925400,0.97
1600927200,0.96
1600929000,0.92
1600930800,0.98
1600932600,0.96
1600934400,0.95
1600936200,0.95
1600938000,0.91
1600939800,0.92
1600941600,0.93
1600943400,0.91
1600945200,0.93
1600947000,0.96
1600948800,0.95
1600950600,0.99
1600952400,0.99
1600954200,0.99
1600956000,0.99
1600957800,0.98
1600959600,0.96
1600961400,0.99
1600963200,0.99
1600966800,1.03
1600968600,1.02
1600970400,1.0
1600972200,0.97
1600974000,0.92
1600975800,0.91
1600977600,0.95
1600979400,1.05
1600981200,1.06
1600983000,1.08
1600984800,1.07
1600986600,1.07
1600988400,1.17
1600990200,1.26
1600992000,1.24
1600993800,1.24
1600995600,1.34
1600997400,1.4
1600999200,1.4
1601001000,1.4
1601002800,1.4
1601004600,1.38
1601006400,1.42
1601008200,1.42
1601010000,1.38
1601011800,1.37
1601013600,1.43
1601015400,1.32
1601017200,1.36
1601019000,1.24
1601020800,1.28
1601022600,1.28
1601024400,1.27
1601026200,1.19
1601028000,1.1
1601029800,1.07
1601031600,1.01
1601033400,1.07
1601035200,1.09
1601037000,1.0
1601038800,0.98
1601040600,0.99
1601042400,0.97
1601044200,0.94
1601046000,0.93
1601047800,0.92
1601049600,0.9
1601051400,0.97
1601053200,0.91
1601055000,0.93
1601056800,0.92
1601058600,0.99
1601060400,1.0
1601062200,0.92
1601064000,0.89
1601065800,0.87
1601067600,0.85
1601069400,0.86
1601071200,0.85
1601073000,0.88
1601074800,0.81
1601076600,0.81
1601078400,0.81
1601080200,0.79
1601082000,0.78
1601083800,0.77
1601085600,0.8
1601087400,0.8
1601089200,0.8
1601091000,0.79
1601092800,0.83
1601094600,0.85
1601096400,0.8
1601098200,0.85
1601100000,0.8
1601101800,0.85
1601103600,0.83
1601105400,0.86
1601107200,0.89
1601109000,0.85
1601110800,0.88
1601112600,0.8
1601114400,0.83
1601116200,0.81
1601118000,0.77
1601119800,0.73
1601121600,0.69
1601123400,0.67
1601125200,0.66
1601127000,0.65
1601128800,0.65
1601130600,0.64
1601132400,0.58
1601134200,0.58
1601136000,0.63
1601137800,0.61
1601139600,0.65
1601141400,0.65
1601143200,0.65
1601145000,0.68
1601146800,0.69
1601148600,0.66
1601150400,0.67
1601152200,0.66
1601154000,0.69
1601155800,0.64
1601157600,0.65
1601159400,0.61
1601161200,0.58
1601163000,0.57
1601164800,0.56
1601166600,0.56
1601168400,0.56
1601170200,0.54
1601172000,0.57
1601173800,0.54
1601175600,0.55
1601177400,0.56
1601179200,0.56
1601181000,0.57
1601182800,0.54
1601184600,0.56
1601186400,0.6
1601188200,0.53
1601190000,0.57
1601191800,0.56
1601193600,0.56
1601195400,0.56
1601197200,0.55
1601199000,0.57
1601200800,0.52
1601202600,0.5
1601204400,0.5
1601206200,0.51
1601208000,0.53
1601209800,0.53
1601211600,0.51
1601213400,0.54
1601215200,0.53
1601217000,0.55
1601218800,0.59
1601220600,0.61
1601222400,0.62
1601224200,0.64
1601226000,0.65
1601227800,0.65
1601229600,0.68
1601231400,0.71
1601233200,0.71
1601235000,0.72
1601236800,0.7
1601238600,0.73
1601240400,0.69
1601242200,0.68
1601244000,0.69
1601245800,0.64
1601247600,0.63
1601249400,0.6
1601251200,0.56
1601253000,0.55
1601254800,0.55
1601256600,0.53
1601258400,0.56
1601260200,0.6
1601262000,0.62
1601263800,0.64
1601265600,0.7
1601267400,0.69
1601269200,0.74
1601271000,0.77
1601272800,0.77
1601274600,0.8
1601276400,0.8
1601278200,0.8
1601280000,0.8
1601281800,0.76
1601283600,0.73
1601285400,0.77
1601287200,0.76
1601289000,0.7
1601290800,0.67
1601292600,0.68
1601294400,0.67
1601296200,0.64
1601298000,0.64
1601299800,0.61
1601301600,0.62
1601303400,0.62
1601305200,0.62
1601307000,0.64
1601308800,0.63
1601310600,0.62
1601312400,0.61
1601314200,0.64
1601316000,0.7
1601317800,0.77
1601319600,0.84
1601321400,0.93
1601323200,0.92
1601325000,0.87
1601326800,0.84
1601328600,0.81
1601330400,0.84
1601332200,0.78
1601335800,0.83
1601337600,0.77
1601339400,0.73
1601341200,0.7
1601343000,0.69
1601344800,0.69
1601346600,0.73
1601348400,0.71
1601350200,0.74
1601352000,0.7
1601353800,0.74
1601355600,0.76
1601357400,0.81
1601359200,0.78
1601361000,0.79
1601362800,0.84
1601364600,0.85
1601366400,0.87
1601368200,0.89
1601370000,0.93
1601371800,0.9
1601373600,0.86
1601375400,0.89
1601377200,0.83
1601379000,0.81
1601380800,0.77
1601382600,0.78
1601384400,0.76
1601386200,0.83
1601388000,0.82
1601389800,0.76
1601391600,0.81
1601393400,0.8
1601395200,0.8
1601397000,0.79
1601398800,0.79
1601400600,0.77
1601402400,0.75
1601404200,0.81
1601406000,0.81
1601407800,0.93
1601409600,0.92
1601411400,0.92
1601413200,0.96
1601415000,0.98
1601416800,1.07
1601418600,1.13
1601420400,1.22
1601422200,1.29
1601424000,1.1
1601425800,1.09
1601427600,1.0
1601429400,0.92
1601431200,0.92
1601433000,0.89
1601434800,0.9
1601436600,0.88
1601438400,0.94
1601440200,0.91
1601442000,0.88
1601443800,0.84
1601445600,0.81
1601447400,0.82
1601449200,0.86
1601451000,0.9
1601452800,0.92
1601454600,0.93
1601456400,0.95
1601458200,0.95
1601460000,0.94
1601461800,0.94
1601463600,0.93
1601465400,0.87
1601467200,0.88
1601469000,0.84
1601470800,0.87
1601472600,0.86
1601474400,0.87
1601476200,0.86
1601478000,0.86
1601479800,0.8
1601481600,0.76
1601483400,0.73
1601485200,0.73
1601487000,0.74
1601488800,0.69
1601490600,0.64
1601492400,0.62
1601494200,0.61
1601496000,0.58
1601497800,0.59
1601499600,0.57
1601501400,0.53
1601503200,0.54
1601505000,0.54
1601506800,0.52
1601508600,0.53
1601510400,0.53
1601512200,0.48
1601514000,0.48
1601515800,0.47
1601517600,0.43
1601519400,0.45
1601521200,0.42
1601523000,0.42
1601524800,0.45
1601526600,0.43
1601528400,0.43
1601530200,0.4
1601532000,0.41
1601533800,0.41
1601535600,0.43
1601537400,0.44
1601539200,0.45
1601541000,0.46
1601542800,0.51
1601544600,0.51
1601546400,0.52
1601548200,0.52
1601550000,0.54
1601551800,0.5
1601553600,0.53
1601555400,0.52
1601557200,0.57
1601559000,0.53
1601560800,0.53
1601562600,0.54
1601564400,0.54
1601566200,0.55
1601568000,0.52
1601569800,0.54
1601571600,0.52
1601573400,0.5
1601575200,0.48
1601577000,0.55
1601578800,0.55
1601580600,0.58
1601582400,0.54
1601584200,0.64
1601586000,0.66
1601587800,0.66
1601589600,0.58
1601591400,0.67
1601593200,0.72
1601595000,0.65
1601596800,0.72
1601598600,0.64
1601600400,0.69
1601602200,0.68
1601604000,0.65
1601605800,0.64
1601607600,0.62
1601609400,0.63
1601611200,0.64
1601613000,0.64
1601614800,0.66
1601616600,0.62
1601618400,0.73
1601620200,0.7
1601622000,0.64
1601623800,0.68
1601625600,0.72
1601627400,0.68
1601629200,0.73
1601631000,0.74
1601632800,0.71
1601634600,0.66
1601636400,0.72
1601638200,0.84
1601640000,0.94
1601641800,0.98
1601643600,0.99
1601645400,1.02
1601647200,0.99
1601649000,1.0
1601650800,0.94
1601652600,0.87
1601654400,0.85
1601656200,0.8
1601658000,0.75
1601659800,0.72
1601661600,0.73
1601663400,0.69
1601665200,0.7
1601667000,0.76
1601668800,0.71
1601670600,0.71
1601672400,0.73
1601674200,0.74
1601676000,0.76
1601677800,0.81
1601679600,0.91
1601681400,0.95
1601683200,0.95
1601685000,0.98
1601686800,0.97
1601688600,0.98
1601690400,0.94
1601692200,0.94
1601694000,0.89
1601695800,0.87
1601697600,0.88
1601699400,0.91
1601701200,0.93
1601703000,0.98
1601704800,0.96
1601706600,0.95
1601708400,0.95
1601710200,0.98
1601712000,0.99
1601713800,1.02
1601715600,1.03
1601717400,1.06
1601719200,1.08
1601721000,1.03
1601722800,1.09
1601724600,1.16
1601726400,1.16
1601728200,1.14
1601730000,1.22
1601731800,1.36
1601733600,1.44
1601735400,1.49
1601737200,1.58
1601739000,1.68
1601740800,1.73
1601742600,1.69
1601744400,1.71
1601746200,1.68
1601748000,1.88
1601749800,1.81
1601751600,1.93
1601753400,1.89
1601755200,1.91
1601757000,2.0
1601758800,1.93
1601760600,2.08
1601762400,1.96
1601764200,2.12
1601766000,2.15
1601767800,2.04
1601769600,2.07
1601771400,2.01
1601773200,2.1
1601775000,2.11
1601776800,2.01
1601778600,2.11
1601780400,2.04
1601782200,2.01
1601784000,1.99
1601785800,1.93
1601787600,1.97
1601789400,1.95
1601791200,1.92
1601793000,1.92
1601794800,1.83
1601796600,1.9
1601798400,1.82
1601800200,1.83
1601802000,1.73
1601803800,1.69
1601805600,1.71
1601807400,1.68
1601809200,1.63
1601811000,1.72
1601812800,1.72
1601814600,1.72
1601816400,1.74
1601818200,1.7
1601820000,1.66
1601821800,1.67
1601823600,1.62
1601825400,1.58
1601827200,1.57
1601829000,1.51
1601830800,1.44
1601832600,1.42
1601834400,1.42
1601836200,1.37
1601838000,1.44
1601839800,1.32
1601841600,1.27
1601843400,1.34
1601845200,1.31
1601847000,1.27
1601848800,1.35
1601850600,1.36
1601852400,1.43
1601854200,1.3
1601856000,1.37
1601857800,1.35
1601859600,1.3
1601861400,1.35
1601863200,1.37
1601865000,1.34
1601866800,1.29
1601868600,1.23
1601870400,1.31
1601872200,1.22
1601874000,1.25
1601875800,1.24
1601877600,1.1
1601879400,1.21
1601881200,1.18
1601883000,1.2
1601884800,1.2
1601886600,1.2
1601888400,1.22
1601890200,1.27
1601892000,1.33
1601893800,1.33
1601895600,1.41
1601897400,1.44
1601899200,1.42
1601901000,1.49
1601902800,1.38
1601904600,1.43
1601906400,1.42
1601908200,1.45
1601910000,1.43
1601911800,1.43
1601913600,1.34
1601915400,1.4
1601917200,1.44
1601919000,1.44
1601920800,1.5
1601922600,1.58
1601924400,1.55
1601926200,1.58
1601928000,1.67
1601929800,1.69
1601931600,1.68
1601933400,1.82
1601935200,1.73
1601937000,1.76
1601938800,1.73
1601940600,1.81
1601942400,1.72
1601944200,1.71
1601946000,1.75
1601947800,1.7
1601949600,1.68
1601951400,1.68
1601953200,1.64
1601955000,1.6
1601956800,1.62
1601958600,1.53
1601960400,1.45
1601962200,1.49
1601964000,1.43
1601965800,1.38
1601967600,1.4
1601969400,1.48
1601971200,1.48
1601973000,1.41
1601974800,1.48
1601976600,1.37
1601978400,1.41
1601980200,1.41
1601982000,1.44
1601983800,1.42
1601985600,1.4
1601987400,1.36
1601989200,1.34
1601991000,1.33
1601992800,1.36
1601994600,1.21
1601996400,1.18
1601998200,1.15
1602000000,1.16
1602001800,1.19
1602003600,1.1
1602005400,1.13
1602007200,1.08
1602009000,1.03
1602010800,1.06
1602012600,1.05
1602014400,1.07
1602016200,1.04
1602018000,1.0
1602019800,1.04
1602021600,1.05
1602023400,1.08
1602025200,1.06
1602027000,1.16
1602028800,1.13
1602030600,1.11
1602032400,1.11
1602034200,1.13
1602036000,1.11
1602037800,1.08
1602039600,1.11
1602041400,1.06
1602043200,1.01
1602045000,0.98
1602046800,0.98
1602048600,0.94
1602050400,0.92
1602052200,0.93
1602054000,0.95
1602055800,0.95
1602057600,0.9
1602059400,0.94
1602061200,0.93
1602063000,0.98
1602064800,1.01
1602066600,1.03
1602068400,0.97
1602070200,0.93
1602072000,0.96
1602073800,1.01
1602075600,0.97
1602077400,0.92
1602079200,0.9
1602081000,0.92
1602082800,0.92
1602084600,0.92
1602086400,0.95
1602088200,0.89
1602090000,0.89
1602091800,0.89
1602093600,0.84
1602095400,0.81
1602097200,0.77
1602099000,0.75
1602100800,0.77
1602102600,0.71
1602104400,0.72
1602106200,0.74
1602108000,0.71
1602109800,0.69
1602111600,0.7
1602113400,0.72
1602115200,0.72
1602117000,0.73
1602118800,0.74
1602120600,0.71
1602122400,0.74
1602124200,0.69
1602126000,0.73
1602127800,0.78
1602129600,0.74
1602131400,0.72
1602133200,0.71
1602135000,0.66
1602136800,0.71
1602138600,0.66
1602140400,0.65
1602142200,0.63
1602144000,0.65
1602145800,0.6
1602147600,0.63
1602149400,0.61
1602151200,0.63
1602153000,0.6
1602154800,0.61
1602156600,0.64
1602158400,0.65
1602160200,0.63
1602162000,0.66
1602163800,0.63
1602165600,0.65
1602167400,0.65
1602169200,0.66
1602171000,0.66
1602172800,0.71
